Nominess,Birth Country
Richard Barthelmess,['USA']
Emil Jannings,['Switzerland']
Louise Dresser,['USA']
Janet Gaynor,['USA']
Gloria Swanson,['USA']
Alfred Cohn,['Denmark']
Anthony Coldeway,['USA']
Benjamin Glazer,['UK']
Lajos Biro,['Romania']
Ben Hecht,['USA']
Gerald Duffy,['USA']
Joseph Farnham,['USA']
George Marion Jr.,['USA']
George Bancroft,['USA']
Warner Baxter,['USA']
Chester Morris,['USA']
Paul Muni,['Ukraine']
Lewis Stone,['USA']
Ruth Chatterton,['USA']
Betty Compson,['USA']
Jeanne Eagels,['USA']
Corinne Griffith,['USA']
Bessie Love,['USA']
Mary Pickford,['Canada']
Lionel Barrymore,['USA']
Harry Beaumont,['USA']
Irving Cummings,['USA']
Frank Lloyd,['Scotland']
Ernst Lubitsch,['Germany']
Tom Barry,['Ireland']
Elliott Clawson,['USA']
Hans Kraly,['Germany']
Josephine Lovett,['USA']
Bess Meredyth,['USA']
George Arliss,['UK']
Wallace Beery,['USA']
Maurice Chevalier,['France']
Ronald Colman,['UK']
Lawrence Tibbett,['USA']
Nancy Carroll,['UK']
Greta Garbo,['Sweden']
Norma Shearer,['Canada']
Clarence Brown,['USA']
Robert Leonard,['USA']
Lewis Milestone,['Russian Empire']
King Vidor,['USA']
"George Abbott, Maxwell Anderson, Del Andrews","['USA', 'USA', 'USA']"
Frances Marion,['USA']
Julian Josephson,['USA']
John Meehan,['USA']
Howard Estabrook,['USA']
Jackie Cooper,['USA']
Richard Dix,['USA']
Fredric March,['USA']
Adolphe Menjou,['USA']
Marlene Dietrich,['Germany']
Marie Dressler,['Canada']
Irene Dunne,['USA']
Ann Harding,['USA']
Wesley Ruggles,['USA']
Josef Von Sternberg,['Austria']
Norman Taurog,['USA']
"Seton I. Miller, Fred Niblo Jr.","['USA', 'USA']"
Horace Jackson,['USA']
"Francis Faragoh, Robert N. Lee","['Hungary', 'USA']"
"Joseph L. Mankiewicz, Sam Mintz","['USA', 'Belarus']"
John Monk Saunders,['USA']
Rowland Brown,['USA']
"Harry d'Abbadie d'Arrast, Douglas Doty, Donald Ogden Stewart","['Argentina', 'USA', 'USA']"
"John Bright, Kubec Glasmon","['USA', 'Poland']"
"Lucien Hubbard, Joseph Jackson","['USA', 'USA']"
Alfred Lunt,['USA']
Lynn Fontanne,['UK']
Helen Hayes,['USA']
Frank Borzage,['USA']
Sidney Howard,['USA']
Edwin Burke,['USA']
"Percy Heath, Samuel Hoffenstein","['USA', 'Russia']"
"Grover Jones, William Slavens McNutt","['USA', 'USA']"
Lucien Hubbard,['USA']
"Adela Rogers St. Johns, Jane Murfin","['USA', 'USA']"
Leslie Howard,['UK']
Charles Laughton,['UK']
Katharine Hepburn,['USA']
May Robson,['Australia']
Diana Wynyard,['UK']
Frank Capra,['Italy']
George Cukor,['USA']
Robert Riskin,['USA']
"Victor Heerman, Sarah Y. Mason","['UK', 'USA']"
"Paul Green, Sonya Levien","['UK', 'Russian Empire']"
Robert Lord,['USA']
Charles MacArthur,['USA']
Clark Gable,['USA']
Frank Morgan,['USA']
William Powell,['USA']
Claudette Colbert,['France']
Bette Davis,['USA']
Grace Moore,['USA']
Victor Schertzinger,['USA']
W. S. Van Dyke,['USA']
"Frances Goodrich, Albert Hackett","['USA', 'USA']"
Mauri Grashin,['USA']
Arthur Caesar,['Romania']
Norman Krasna,['USA']
Victor McLaglen,['UK']
Franchot Tone,['USA']
Elisabeth Bergner,['Ukraine']
Miriam Hopkins,['USA']
Merle Oberon,['India']
Michael Curtiz,['Hungary']
John Ford,['USA']
Henry Hathaway,['USA']
Moss Hart,['USA']
Gregory Rogers,['USA']
"Don Hartman, Stephen Avery","['USA', 'USA']"
"Ben Hecht, Charles MacArthur","['USA', 'USA']"
Casey Robinson,['USA']
Dudley Nichols,['USA']
"Waldemar Young, John L. Balderston, Achmed Abdullah, Grover Jones, William Slavens McNutt","['USA', 'USA', 'USA', 'USA', 'USA']"
"Talbot Jennings, Jules Furthman, Carey Wilson","['USA', 'USA', 'USA']"
Gary Cooper,['USA']
Walter Huston,['Canada']
Spencer Tracy,['USA']
Mischa Auer,['Russia']
Walter Brennan,['USA']
Stuart Erwin,['USA']
Basil Rathbone,['South African Republic']
Akim Tamiroff,['Republic of Georgia']
Gladys George,['USA']
Carole Lombard,['USA']
Luise Rainer,['Germany']
Beulah Bondi,['USA']
Alice Brady,['USA']
Bonita Granville,['USA']
Maria Ouspenskaya,['Russia']
Gale Sondergaard,['USA']
William Wyler,['France']
Robert Z. Leonard,['USA']
Gregory La Cava,['USA']
William Anthony McGuire,['USA']
Robert Hopkins,['USA']
"Pierre Collings, Sheridan Gibney","['Canada', 'USA']"
Adele Comandini,['USA']
"Eric Hatch, Morris Ryskind","['USA', 'USA']"
Charles Boyer,['France']
Robert Montgomery,['USA']
Ralph Bellamy,['USA']
Thomas Mitchell,['USA']
Joseph Schildkraut,['Austria']
H. B. Warner,['UK']
Roland Young,['UK']
Barbara Stanwyck,['USA']
Andrea Leeds,['USA']
Anne Shirley,['USA']
Claire Trevor,['USA']
Dame May Whitty,['UK']
Leo McCarey,['USA']
Sidney Franklin,['USA']
William Dieterle,['Germany']
William Wellman,['USA']
Niven Busch,['USA']
"Heinz Herald, Geza Herczeg","['Germany', 'Hungria']"
"William A. Wellman, Robert Carson","['USA', 'USA']"
Vina Delmar,['USA']
"John Lee Mahin, Marc Connelly, Dale Van Every","['USA', 'USA', 'USA']"
"Norman Reilly Raine, Heinz Herald, Geza Herczeg","['USA', 'Germany', 'Hungria']"
"Morris Ryskind, Anthony Veiller","['USA', 'USA']"
"Dorothy Parker, Alan Campbell, Robert Carson","['USA', 'USA', 'USA']"
James Cagney,['USA']
Robert Donat,['UK']
John Garfield,['USA']
Gene Lockhart,['Canada']
Robert Morley,['UK']
Fay Bainter,['USA']
Wendy Hiller,['UK']
Margaret Sullavan,['USA']
Billie Burke,['USA']
Spring Byington,['USA']
Miliza Korjus,['Poland']
Irving Berlin,['Ukraine']
John Howard Lawson,['USA']
"Dore Schary, Eleanore Griffin","['USA', 'USA']"
"Marcella Burke, Frederick Kohner","['USA', 'Czech Republic']"
Frank Wead,['USA']
"John Meehan, Dore Schary","['USA', 'USA']"
"Ian Dalrymple, Frank Wead, Elizabeth Hill","['South Africa', 'USA', 'UK']"
"Julius J. Epstein, Lenore Coffee","['USA', 'USA']"
"George Bernard Shaw, W. P. Lipscomb, Cecil Lewis, Ian Dalrymple","['Ireland', 'UK', 'UK', 'South Africa']"
Laurence Olivier,['UK']
Mickey Rooney,['USA']
James Stewart,['USA']
Brian Aherne,['UK']
Harry Carey,['USA']
Brian Donlevy,['UK']
Claude Rains,['UK']
Greer Garson,['UK']
Vivien Leigh,['India']
Olivia de Havilland,['Japan']
Geraldine Fitzgerald,['Ireland']
Hattie McDaniel,['USA']
Edna May Oliver,['USA']
Victor Fleming,['USA']
Sam Wood,['USA']
Felix Jackson,['Germany']
"Mildred Cram, Leo McCarey","['USA', 'USA']"
Lewis R. Foster,['USA']
Melchior Lengyel,['Hungary']
Lamar Trotti,['USA']
"R. C. Sherriff, Claudine West, Eric Maschwitz","['UK', 'UK', 'UK']"
Sidney Buchman,['USA']
"Charles Brackett, Billy Wilder, Walter Reisch","['USA', 'Austria-Hungary', 'Austria']"
"Charles MacArthur, Ben Hecht","['USA', 'USA']"
Charles Chaplin,['UK']
Henry Fonda,['USA']
Raymond Massey,['Canada']
Albert Basserman,['Germany']
William Gargan,['USA']
Jack Oakie,['USA']
James Stephenson,['USA']
Joan Fontaine,['Japan']
Ginger Rogers,['USA']
Martha Scott,['USA']
Judith Anderson,['Australia']
Jane Darwell,['USA']
Ruth Hussey,['USA']
Barbara O'Neil,['USA']
Marjorie Rambeau,['USA']
Alfred Hitchcock,['UK']
"Benjamin Glazer, John S. Toldy","['UK', 'Hungary']"
Walter Reisch,['Austria']
"Dore Schary, Hugo Butler","['USA', 'Canada']"
"Bella Spewack, Samuel Spewack, Leo McCarey","['Romania', 'Russian Empire', 'USA']"
Stuart N. Lake,['USA']
Nunnally Johnson,['USA']
Dalton Trumbo,['USA']
Donald Ogden Stewart,['USA']
"Robert E. Sherwood, Joan Harrison","['USA', 'UK']"
Cary Grant,['UK']
Orson Welles,['USA']
Charles Coburn,['USA']
Donald Crisp,['UK']
James Gleason,['USA']
Sydney Greenstreet,['UK']
Sara Allgood,['Republic of Ireland']
Mary Astor,['USA']
Patricia Collinge,['Ireland']
Teresa Wright,['USA']
Margaret Wycherly,['UK']
Alexander Hall,['USA']
Howard Hawks,['USA']
"Billy Wilder, Thomas Monroe","['Austria-Hungary', 'USA']"
Harry Segall,['USA']
Monckton Hoffe,['UK']
"Richard Connell, Robert Presnell","['USA', 'USA']"
Gordon Wellesley,['Australia']
"Sidney Buchman, Seton I. Miller","['USA', 'USA']"
"Charles Brackett, Billy Wilder","['USA', 'Austria-Hungary']"
Philip Dunne,['USA']
Lillian Hellman,['USA']
John Huston,['USA']
Walter Pidgeon,['Canada']
Monty Woolley,['USA']
William Bendix,['USA']
Van Heflin,['USA']
Henry Travers,['UK']
Rosalind Russell,['USA']
Gladys Cooper,['UK']
Agnes Moorehead,['USA']
Susan Peters,['USA']
Mervyn LeRoy,['USA']
John Farrow,['Australia']
Emeric Pressburger,['Hungary']
Paul Gallico,['USA']
Sidney Harmon,['USA']
Robert Buckner,['USA']
"Rodney Ackland, Emeric Pressburger","['UK', 'Hungary']"
"Arthur Wimperis, George Froeschel, James Hilton, Claudine West","['UK', 'Austria', 'UK', 'UK']"
"Jo Swerling, Herman J. Mankiewicz","['Ukraine', 'USA']"
"Claudine West, George Froeschel, Arthur Wimperis","['UK', 'Austria', 'UK']"
"Irwin Shaw, Sidney Buchman","['USA', 'USA']"
Humphrey Bogart,['USA']
Paul Lukas,['Hungary']
Charles Bickford,['USA']
J. Carrol Naish,['USA']
Jean Arthur,['USA']
Ingrid Bergman,['Sweden']
Jennifer Jones,['USA']
Paulette Goddard,['USA']
Katina Paxinou,['Greece']
Anne Revere,['USA']
Lucile Watson,['Canada']
George Stevens,['USA']
Henry King,['USA']
Guy Gilpatric,['USA']
Steve Fisher,['USA']
William Saroyan,['USA']
"Robert Russell, Frank Ross","['UK', 'USA']"
Gordon McDonell,['UK']
"Julius J. Epstein, Philip G. Epstein, Howard Koch","['USA', 'USA', 'USA']"
"Robert Russell, Frank Ross, Richard Flournoy, Lewis R. Foster","['UK', 'USA', 'USA', 'USA']"
George Seaton,['USA']
Dashiell Hammett,['USA']
Bing Crosby,['USA']
Barry Fitzgerald,['Ireland']
Alexander Knox,['Canada']
Hume Cronyn,['Canada']
Clifton Webb,['USA']
Ethel Barrymore,['USA']
Angela Lansbury,['UK']
Aline MacMahon,['USA']
Billy Wilder,['Austria-Hungary']
Otto Preminger,['Austria-Hungary']
"Chandler Sprague, David Boehm","['USA', 'USA']"
John Steinbeck,['USA']
"Alfred Neumann, Joseph Than","['Poland', 'Austria-Hungary']"
"Edward Doherty, Jules Schermer","['Canada', 'USA']"
"Billy Wilder, Raymond Chandler","['Austria-Hungary', 'USA']"
"John Van Druten, Walter Reisch, John L. Balderston","['UK', 'Austria', 'USA']"
"Frank Butler, Frank Cavett","['UK', 'USA']"
"Jay Dratler, Samuel Hoffenstein, Betty Reinhardt","['USA', 'Russia', 'USA']"
"Irving Brecher, Fred F. Finklehoffe","['USA', 'USA']"
Gene Kelly,['USA']
Ray Milland,['UK']
Gregory Peck,['USA']
Cornel Wilde,['Hungary']
Michael Chekhov,['Russian Empire']
John Dall,['USA']
James Dunn,['USA']
Robert Mitchum,['USA']
Joan Crawford,['USA']
Gene Tierney,['USA']
Eve Arden,['USA']
Ann Blyth,['USA']
Joan Lorring,['China']
Jean Renoir,['France']
"Thomas Monroe, Laszlo Gorog","['USA', 'Hungary']"
Charles G. Booth,['UK']
"John Steinbeck, Jack Wagner","['USA', 'USA']"
Alvah Bessie,['USA']
Ernst Marischka,['Austria']
"Leopold Atlas, Guy Endore, Philip Stevenson","['USA', 'USA', 'USA']"
Ranald MacDougall,['USA']
Albert Maltz,['USA']
"Tess Slesinger, Frank Davis","['USA', 'USA']"
Larry Parks,['USA']
William Demarest,['USA']
Harold Russell,['Canada']
Celia Johnson,['UK']
Jane Wyman,['USA']
Anne Baxter,['USA']
Lillian Gish,['USA']
Flora Robson,['UK']
David Lean,['UK']
Robert Siodmak,['Germany']
Vladimir Pozner,['France']
Jack Patrick,['USA']
Victor Trivas,['Russia']
Charles Brackett,['USA']
Clemence Dane,['UK']
"Talbot Jennings, Sally Benson","['USA', 'USA']"
Robert E. Sherwood,['USA']
"David Lean, Anthony Havelock-Allan, Ronald Neame","['UK', 'UK', 'UK']"
Anthony Veiller,['USA']
"Sergio Amidei, F. Fellini","['Italy', 'Italy']"
Michael Redgrave,['UK']
Thomas Gomez,['USA']
Edmund Gwenn,['UK']
Robert Ryan,['USA']
Richard Widmark,['USA']
Susan Hayward,['USA']
Dorothy McGuire,['USA']
Loretta Young,['USA']
Gloria Grahame,['USA']
Celeste Holm,['USA']
Marjorie Main,['USA']
Henry Koster,['Germany']
Edward Dmytryk,['Canada']
Elia Kazan,['Turkey']
"Georges Chaperot, Rene Wheeler","['France', 'France']"
"Herbert Clyde Lewis, Frederick Stephani","['USA', 'Germany']"
Eleazar Lipsky,"['USA', 'Germany']"
Valentine Davies,['USA']
"Dorothy Parker, Frank Cavett","['USA', 'USA']"
Richard Murphy,['USA']
John Paxton,['USA']
Lew Ayres,['USA']
Montgomery Clift,['USA']
Dan Dailey,['USA']
José Ferrer,['Puerto Rico']
Oscar Homolka,['Austria']
Cecil Kellaway,['South Africa']
Barbara Bel Geddes,['USA']
Ellen Corby,['USA']
Jean Simmons,['UK']
Jean Negulesco,['Romania']
Fred Zinnemann,['Poland']
Anatole Litvak,['Ukraine']
"Frances Flaherty, Robert Flaherty","['Germany', 'USA']"
Malvin Wald,['USA']
Borden Chase,['USA']
"Richard Schweizer, David Wechsler","['Switzerland', 'Switzerland']"
"Charles Brackett, Billy Wilder, Richard L. Breen","['USA', 'Austria-Hungary', 'USA']"
"Irmgard Von Cube, Allen Vincent","['Germany', 'USA']"
"Frank Partos, Millen Brand","['Hungary', 'USA']"
Broderick Crawford,['USA']
Kirk Douglas,['USA']
Richard Todd,['Ireland']
John Wayne,['USA']
John Ireland,['Canada']
Dean Jagger,['USA']
Arthur Kennedy,['USA']
Ralph Richardson,['UK']
James Whitmore,['USA']
Jeanne Crain,['USA']
Deborah Kerr,['UK']
Elsa Lanchester,['UK']
Mercedes McCambridge,['USA']
Ethel Waters,['USA']
Robert Rossen,['USA']
William A. Wellman,['USA']
Carol Reed,['UK']
Joseph L. Mankiewicz,['USA']
Clare Boothe Luce,['USA']
"Shirley W. Smith, Valentine Davies","['USA', 'USA']"
Harry Brown,['USA']
Douglas Morrow,['USA']
Virginia Kellogg,['USA']
Cesare Zavattini,['Italy']
Carl Foreman,['USA']
Graham Greene,['Canada']
Louis Calhern,['USA']
William Holden,['USA']
Jeff Chandler,['USA']
Sam Jaffe,['USA']
George Sanders,['Russia']
Erich von Stroheim,['Austria']
Judy Holliday,['USA']
Eleanor Parker,['USA']
Hope Emerson,['USA']
Josephine Hull,['USA']
Nancy Olson,['USA']
Thelma Ritter,['USA']
"Giuseppe De Santis, Carlo Lizzani","['Italy', 'Italy']"
"William Bowers, Andre de Toth","['USA', 'Hungary']"
Leonard Spigelgass,['USA']
"Edna Anhalt, Edward Anhalt","['USA', 'USA']"
Sy Gomberg,['USA']
"Ben Maddow, John Huston","['USA', 'USA']"
Albert Mannheimer,['USA']
Marlon Brando,['USA']
Leo Genn,['UK']
Kevin McCarthy,['USA']
Karl Malden,['USA']
Peter Ustinov,['UK']
Gig Young,['USA']
Shelley Winters,['USA']
Joan Blondell,['USA']
Mildred Dunnock,['USA']
Lee Grant,['USA']
Kim Hunter,['USA']
Vincente Minnelli,['USA']
"Budd Boetticher, Ray Nazarro","['USA', 'USA']"
Oscar Millard,['USA']
"Robert Riskin, Liam O'Brien","['USA', 'USA']"
"Paul Dehn, James Bernard","['UK', 'India']"
"Alfred Hayes, Stewart Stern","['UK', 'USA']"
"James Agee, John Huston","['USA', 'USA']"
"Philip Yordan, Robert Wyler","['USA', 'Germany']"
"Max Ophuls, Jacques Natanson","['Germany', 'France']"
"Michael Wilson, Harry Brown","['USA', 'USA']"
Tennessee Williams,['USA']
Alec Guinness,['UK']
Richard Burton,['UK']
Arthur Hunnicutt,['USA']
Jack Palance,['USA']
Anthony Quinn,['Mexico']
Shirley Booth,['USA']
Julie Harris,['USA']
Jean Hagen,['USA']
Colette Marchand,['France']
Terry Moore,['USA']
Cecil B. DeMille,['USA']
"Fredric M. Frank, Theodore St. John, Frank Cavett","['USA', 'USA', 'USA']"
"Martin Goldsmith, Jack Leonard","['USA', 'USA']"
Guy Trosper,['USA']
Charles Schnee,['USA']
Michael Wilson,['USA']
"Roger MacDougall, John Dighton, Alexander Mackendrick","['UK', 'UK', 'USA']"
Frank S. Nugent,['USA']
Burt Lancaster,['USA']
Eddie Albert,['USA']
Brandon De Wilde,['USA']
Frank Sinatra,['USA']
Robert Strauss,['USA']
Leslie Caron,['France']
Ava Gardner,['USA']
Audrey Hepburn,['Belgium']
Maggie McNamara,['USA']
Grace Kelly,['USA']
Geraldine Page,['USA']
Donna Reed,['USA']
Charles Walters,['USA']
Beirne Lay Jr.,['USA']
Alec Coppel,['Australia']
Louis L'Amour,['USA']
"Ray Ashley, Morris Engel, Ruth Orkin","['USA', 'USA', 'USA']"
Eric Ambler,['UK']
Daniel Taradash,['USA']
Helen Deutsch,['Poland']
"Ian McLellan Hunter, John Dighton","['UK', 'UK']"
A. B. Guthrie Jr.,['USA']
James Mason,['UK']
Dan O'Herlihy,['Ireland']
Lee J. Cobb,['USA']
Edmond O'Brien,['USA']
Rod Steiger,['USA']
Tom Tully,['USA']
Dorothy Dandridge,['USA']
Judy Garland,['USA']
Nina Foch,['Netherlands']
Katy Jurado,['Mexico']
Eva Marie Saint,['USA']
Jan Sterling,['USA']
Ettore Margadonna,['Italy']
Philip Yordan,['USA']
François Boyer,['France']
"Jed Harris, Tom Reed","['Austria', 'UK']"
Stanley Roberts,['USA']
John Michael Hayes,['USA']
"Billy Wilder, Samuel Taylor, Ernest Lehman","['Austria-Hungary', 'USA', 'USA']"
"Albert Hackett, Frances Goodrich, Dorothy Kingsley","['USA', 'USA', 'USA']"
Ernest Borgnine,['USA']
James Dean,['USA']
Jack Lemmon,['USA']
Joe Mantell,['USA']
Sal Mineo,['USA']
Arthur O'Connell,['USA']
Anna Magnani,['Italy']
Betsy Blair,['USA']
Peggy Lee,['USA']
Marisa Pavan,['Italy']
Jo Van Fleet,['USA']
Natalie Wood,['USA']
John Sturges,['USA']
Delbert Mann,['USA']
Joshua Logan,['USA']
Daniel Fuchs,['USA']
"Joe Connelly, Bob Mosher","['USA', 'USA']"
Nicholas Ray,['USA']
"Jean Marsan, Henry Troyat, Jacques Perret, Henri Verneuil, Raoul Ploquin","['France', 'Russia', 'France', 'Turkey', 'France']"
Millard Kaufman,['USA']
Richard Brooks,['USA']
Paul Osborn,['USA']
"Daniel Fuchs, Isobel Lennart","['USA', 'USA']"
Paddy Chayefsky,['USA']
Yul Brynner,['Russia']
Rock Hudson,['USA']
Sir Laurence Olivier,['UK']
Don Murray,['USA']
Anthony Perkins,['USA']
Robert Stack,['USA']
Carroll Baker,['USA']
Nancy Kelly,['USA']
Eileen Heckart,['USA']
Patty McCormack,['USA']
Dorothy Malone,['USA']
Michael Anderson,['UK']
Walter Lang,['USA']
Leo Katcher,['USA']
"Edward Bernds, Elwood Ullman","['USA', 'USA']"
Jean Paul Sartre,['France']
"James Poe, John Farrow, S.J. Perelman","['USA', 'Australia', 'USA']"
"Fred Guiol, Ivan Moffat","['USA', 'Cuba']"
Norman Corwin,['USA']
Anthony Franciosa,['USA']
Red Buttons,['USA']
Vittorio De Sica,['Italy']
Sessue Hayakawa,['Japan']
Russ Tamblyn,['USA']
Elizabeth Taylor,['UK']
Lana Turner,['USA']
Joanne Woodward,['USA']
Carolyn Jones,['USA']
Hope Lange,['USA']
Miyoshi Umeki,['Japan']
Diane Varsi,['USA']
Mark Robson,['Canada']
Sidney Lumet,['USA']
"Michael Wilson, Carl Foreman, Pierre Boulle","['USA', 'USA', 'France']"
"John Lee Mahin, John Huston","['USA', 'USA']"
Reginald Rose,['USA']
Tony Curtis,['USA']
Paul Newman,['USA']
David Niven,['UK']
Sidney Poitier,['USA']
Theodore Bikel,['Austria']
Burl Ives,['USA']
Shirley MacLaine,['USA']
Peggy Cass,['USA']
Martha Hyer,['USA']
Maureen Stapleton,['USA']
Cara Williams,['USA']
Stanley Kramer,['USA']
Robert Wise,['USA']
"Richard Brooks, James Poe","['USA', 'USA']"
Alan Jay Lerner,['USA']
"Nelson Gidding, Don Mankiewicz","['USA', 'Germany']"
"Terence Rattigan, John Gay","['UK', 'USA']"
Laurence Harvey,['Lithuania']
Charlton Heston,['USA']
Hugh Griffith,['UK']
George C. Scott,['USA']
Robert Vaughn,['USA']
Ed Wynn,['USA']
Doris Day,['USA']
Simone Signoret,['Germany']
Hermione Baddeley,['UK']
Susan Kohner,['USA']
Juanita Moore,['USA']
Jack Clayton,['UK']
Wendell Mayes,['USA']
Karl Tunberg,['USA']
Robert Anderson,['USA']
Neil Paterson,['UK']
"Billy Wilder, I. A. L. Diamond","['Austria-Hungary', 'Moldova']"
Trevor Howard,['UK']
Peter Falk,['USA']
Jack Kruschen,['Canada']
Chill Wills,['USA']
Melina Mercouri,['Greece']
Glynis Johns,['South Africa']
Shirley Jones,['USA']
Shirley Knight,['USA']
Janet Leigh,['USA']
Mary Ure,['UK']
Jules Dassin,['USA']
Jack Cardiff,['UK']
"Nedrick Young, Harold Jacob Smith","['USA', 'USA']"
"Gavin Lambert, T. E. B. Clarke","['UK', 'UK']"
Isobel Lennart,['USA']
James Kennaway,['UK']
Maximilian Schell,['Austria']
Stuart Whitman,['USA']
George Chakiris,['USA']
Jackie Gleason,['USA']
Piper Laurie,['USA']
Sophia Loren,['Italy']
Lotte Lenya,['Austria']
Una Merkel,['USA']
Rita Moreno,['Puerto Rico']
J. Lee Thompson,['UK']
Federico Fellini,['Italy']
"Robert Wise, Jerome Robbins","['USA', 'USA']"
George Axelrod,['USA']
"Sidney Carroll, Robert Rossen","['USA', 'USA']"
Abby Mann,['USA']
Ernest Lehman,['USA']
Marcello Mastroianni,['Italy']
Peter O'Toole,['UK']
Ed Begley,['USA']
Victor Buono,['USA']
Telly Savalas,['USA']
Omar Sharif,['Egypt']
Terence Stamp,['UK']
Anne Bancroft,['USA']
Lee Remick,['USA']
Mary Badham,['USA']
Patty Duke,['USA']
Frank Perry,['USA']
Pietro Germi,['Italy']
Arthur Penn,['USA']
Robert Mulligan,['USA']
Eleanor Perry,['USA']
"Robert Bolt, Michael Wilson","['UK', 'USA']"
Vladimir Nabokov,['Russia']
William Gibson,['USA']
Horton Foote,['USA']
Albert Finney,['UK']
Richard Harris,['Ireland']
Rex Harrison,['UK']
Nick Adams,['USA']
Bobby Darin,['USA']
Melvyn Douglas,['USA']
Patricia Neal,['USA']
Rachel Roberts,['UK']
Diane Cilento,['Australia']
Dame Edith Evans,['UK']
Joyce Redman,['UK']
Margaret Rutherford,['UK']
Lilia Skala,['Austria-Hungary']
Martin Ritt,['USA']
Tony Richardson,['UK']
"Richard L. Breen, Phoebe Ephron, Henry Ephron","['USA', 'USA', 'USA']"
"Irving Ravetch, Harriet Frank Jr.","['USA', 'USA']"
James Poe,['USA']
"Serge Bourguignon, Antoine Tudal","['France', 'Poland']"
John Osborne,['UK']
Peter Sellers,['UK']
John Gielgud,['UK']
Stanley Holloway,['UK']
Lee Tracy,['USA']
Julie Andrews,['UK']
Debbie Reynolds,['USA']
Kim Stanley,['USA']
Grayson Hall,['USA']
Lila Kedrova,['Russia']
Peter Glenville,['UK']
Stanley Kubrick,['USA']
Robert Stevenson,['UK']
Michael Cacoyannis,['Cyprus']
Edward Anhalt,['USA']
"Stanley Kubrick, Peter George, Terry Southern","['USA', 'UK', 'USA']"
"Bill Walsh, Don DaGradi","['USA', 'USA']"
Lee Marvin,['USA']
Oskar Werner,['Austria']
Martin Balsam,['USA']
Ian Bannen,['UK']
Tom Courtenay,['UK']
Michael Dunn,['USA']
Frank Finlay,['UK']
Julie Christie,['India']
Samantha Eggar,['UK']
Elizabeth Hartman,['USA']
Ruth Gordon,['USA']
Maggie Smith,['UK']
Peggy Wood,['USA']
John Schlesinger,['UK']
Hiroshi Teshigahara,['Japan']
"Walter Newman, Frank R. Pierson","['USA', 'USA']"
"Stanley Mann, John Kohn","['Canada', 'USA']"
Robert Bolt,['UK']
Herb Gardner,['USA']
Alan Arkin,['USA']
Michael Caine,['UK']
Steve McQueen,['USA']
Paul Scofield,['UK']
Mako,['Japan']
Walter Matthau,['USA']
George Segal,['USA']
Robert Shaw,['UK']
Anouk Aimee,['France']
Ida Kaminska,['Ukraine']
Lynn Redgrave,['UK']
Vanessa Redgrave,['UK']
Sandy Dennis,['USA']
Jocelyne Lagarde,['French Polynesia']
Vivien Merchant,['UK']
Michelangelo Antonioni,['Italy']
Claude Lelouch,['France']
Mike Nichols,['Germany']
Bill Naughton,['Ireland']
William Rose,['USA']
Warren Beatty,['USA']
Dustin Hoffman,['USA']
John Cassavetes,['USA']
Gene Hackman,['USA']
George Kennedy,['USA']
Michael J. Pollard,['USA']
Faye Dunaway,['USA']
Carol Channing,['USA']
Mildred Natwick,['USA']
Estelle Parsons,['USA']
Beah Richards,['USA']
Katharine Ross,['USA']
Norman Jewison,['Canada']
"Donn Pearce, Frank R. Pierson","['USA', 'USA']"
"Calder Willingham, Buck Henry","['Georgia', 'USA']"
Stirling Silliphant,['USA']
"Joseph Strick, Fred Haines","['USA', 'USA']"
Alan Bates,['UK']
Ron Moody,['UK']
Cliff Robertson,['USA']
Jack Albertson,['USA']
Seymour Cassel,['USA']
Daniel Massey,['UK']
Jack Wild,['UK']
Gene Wilder,['USA']
Barbra Streisand,['USA']
Lynn Carlin,['USA']
Sondra Locke,['USA']
Kay Medford,['USA']
Gillo Pontecorvo,['Italy']
Anthony Harvey,['UK']
Franco Zeffirelli,['Italy']
James Goldman,['USA']
Neil Simon,['USA']
Vernon Harris,['UK']
Stewart Stern,['USA']
Roman Polanski,['France']
Jon Voight,['USA']
Rupert Crosse,['USA']
Elliott Gould,['USA']
Jack Nicholson,['USA']
Anthony Quayle,['UK']
Genevieve Bujold,['Canada']
Jane Fonda,['USA']
Liza Minnelli,['USA']
Catherine Burns,['USA']
Dyan Cannon,['USA']
Goldie Hawn,['USA']
Sylvia Miles,['USA']
Susannah York,['UK']
George Roy Hill,['USA']
Sydney Pollack,['USA']
Costa-Gavras,['Greece']
"John Hale, Bridget Boland, Richard Sokolove","['USA', 'UK', 'USA']"
Arnold Schulman,['USA']
Waldo Salt,['USA']
"James Poe, Robert E. Thompson","['USA', 'USA']"
"Jorge Semprun, Costa-Gavras","['Spain', 'Greece']"
James Earl Jones,['USA']
Ryan O'Neal,['USA']
Richard Castellano,['USA']
Chief Dan George,['Canada']
John Marley,['USA']
John Mills,['UK']
Jane Alexander,['USA']
Glenda Jackson,['UK']
Ali MacGraw,['USA']
Sarah Miles,['UK']
Carrie Snodgress,['USA']
Karen Black,['USA']
Sally Kellerman,['USA']
Arthur Hiller,['Canada']
Robert Altman,['USA']
Franklin J. Schaffner,['Japan']
Ken Russell,['UK']
"Renee Taylor, Joseph Bologna, David Zelag Goodman","['USA', 'USA', 'USA']"
Ring Lardner Jr.,['USA']
Larry Kramer,['USA']
Peter Finch,['UK']
Topol,['UK']
Jeff Bridges,['USA']
Leonard Frey,['USA']
Richard Jaeckel,['USA']
Ben Johnson,['USA']
Roy Scheider,['USA']
Janet Suzman,['South Africa']
Ann-Margret,['Sweden']
Ellen Burstyn,['USA']
Barbara Harris,['USA']
Cloris Leachman,['USA']
Margaret Leighton,['UK']
William Friedkin,['USA']
Peter Bogdanovich,['USA']
Bernardo Bertolucci,['Italy']
Ernest Tidyman,['USA']
"Ugo Pirro, Vittorio Bonicelli","['Italy', 'Italy']"
"Larry McMurtry, Peter Bogdanovich","['USA', 'USA']"
Paul Winfield,['USA']
James Caan,['USA']
Robert Duvall,['USA']
Joel Grey,['USA']
Al Pacino,['USA']
Diana Ross,['USA']
Cicely Tyson,['USA']
Liv Ullmann,['Japan']
Jeannie Berlin,['USA']
Susan Tyrrell,['USA']
Bob Fosse,['USA']
John Boorman,['UK']
Jan Troell,['Sweden']
Francis Ford Coppola,['USA']
Jay Allen,['USA']
"Jan Troell, Bengt Forslund","['Sweden', 'Sweden']"
"Mario Puzo, Francis Ford Coppola","['USA', 'USA']"
Julius J. Epstein,['USA']
Lonne Elder III,['USA']
Robert Redford,['USA']
Vincent Gardenia,['Italy']
Jack Gilford,['USA']
John Houseman,['Romania']
Jason Miller,['USA']
Randy Quaid,['USA']
Marsha Mason,['USA']
Linda Blair,['USA']
Candy Clark,['USA']
Madeline Kahn,['USA']
Tatum O'Neal,['USA']
Sylvia Sidney,['USA']
George Lucas,['USA']
Ingmar Bergman,['Sweden']
William Peter Blatty,['USA']
Robert Towne,['USA']
James Bridges,['USA']
Alvin Sargent,['USA']
"Waldo Salt, Norman Wexler","['USA', 'USA']"
Art Carney,['USA']
Fred Astaire,['USA']
Robert De Niro,['USA']
Michael V. Gazzo,['USA']
Lee Strasberg,['Austria-Hungary']
Diahann Carroll,['USA']
Valerie Perrine,['USA']
Gena Rowlands,['USA']
Valentina Cortese,['Italy']
Diane Ladd,['USA']
Talia Shire,['USA']
Francois Truffaut,['France']
"Mordecai Richler, Lionel Chetwynd","['Canada', 'UK']"
"Francis Ford Coppola, Mario Puzo","['USA', 'USA']"
Julian Barry,['USA']
Paul Dehn,['UK']
"Gene Wilder, Mel Brooks","['USA', 'USA']"
George Burns,['USA']
Brad Dourif,['USA']
Burgess Meredith,['USA']
Chris Sarandon,['USA']
Jack Warden,['USA']
Isabelle Adjani,['France']
Louise Fletcher,['USA']
Carol Kane,['USA']
Ronee Blakley,['USA']
Lily Tomlin,['USA']
Brenda Vaccaro,['USA']
Milos Forman,['Czech Republic']
"John Huston, Gladys Hill","['USA', 'USA']"
"Lawrence Hauben, Bo Goldman","['USA', 'USA']"
"Ruggero Maccari, Dino Risi","['Italy', 'Italy']"
Giancarlo Giannini,['Italy']
Sylvester Stallone,['USA']
Ned Beatty,['USA']
Jason Robards,['USA']
Burt Young,['USA']
Marie-Christine Barrault,['France']
Sissy Spacek,['USA']
Jodie Foster,['USA']
Beatrice Straight,['USA']
Alan J. Pakula,['USA']
John G. Avildsen,['USA']
Lina Wertmüller,['Italy']
William Goldman,['USA']
Robert Getchell,['USA']
"Federico Fellini, Bernardino Zapponi","['Italy', 'Italy']"
Nicholas Meyer,['USA']
"Steve Shagan, David Butler","['USA', 'USA']"
Woody Allen,['USA']
Richard Dreyfuss,['USA']
John Travolta,['USA']
Mikhail Baryshnikov,['Latvia']
Peter Firth,['UK']
Diane Keaton,['USA']
Leslie Browne,['USA']
Quinn Cummings,['USA']
Melinda Dillon,['USA']
Tuesday Weld,['USA']
Steven Spielberg,['USA']
Herbert Ross,['USA']
Peter Shaffer,['UK']
"Gavin Lambert, Lewis John Carlino","['UK', 'USA']"
Larry Gelbart,['USA']
"Luis Buñuel, Jean-Claude Carrière","['Spain', 'France']"
Gary Busey,['USA']
Bruce Dern,['USA']
Richard Farnsworth,['USA']
John Hurt,['UK']
Christopher Walken,['USA']
Jill Clayburgh,['USA']
Penelope Milford,['USA']
Meryl Streep,['USA']
Hal Ashby,['USA']
Michael Cimino,['USA']
"Warren Beatty, Buck Henry","['USA', 'USA']"
Alan Parker,['UK']
Walter Newman,['USA']
"Elaine May, Warren Beatty","['USA', 'USA']"
Oliver Stone,['USA']
Bernard Slade,['Canada']
Frederic Forrest,['USA']
Justin Henry,['USA']
Sally Field,['USA']
Bette Midler,['USA']
Barbara Barrie,['USA']
Candice Bergen,['USA']
Mariel Hemingway,['USA']
Francis Coppola,['USA']
Peter Yates,['UK']
Robert Benton,['USA']
Edouard Molinaro,['France']
"John Milius, Francis Coppola","['USA', 'USA']"
"Francis Veber, Edouard Molinaro, Marcello Danon, Jean Poiret","['France', 'France', 'Bulgaria', 'France']"
Allan Burns,['USA']
Judd Hirsch,['USA']
Timothy Hutton,['USA']
Michael O'Keefe,['USA']
Joe Pesci,['USA']
Mary Tyler Moore,['USA']
Eileen Brennan,['USA']
Eva Le Gallienne,['UK']
Cathy Moriarty,['USA']
Diana Scarwid,['USA']
Mary Steenburgen,['USA']
David Lynch,['USA']
Martin Scorsese,['USA']
Richard Rush,['USA']
"Jonathan Hardy, David Stevens, Bruce Beresford","['New Zealand', 'USA', 'Australia']"
Tom Rickman,['USA']
"Christopher DeVore, Eric Bergren, David Lynch","['USA', 'USA', 'USA']"
"Lawrence B. Marcus, Richard Rush","['USA', 'USA']"
Dudley Moore,['UK']
James Coco,['USA']
Ian Holm,['UK']
Howard E. Rollins Jr.,['USA']
Susan Sarandon,['USA']
Joan Hackett,['USA']
Elizabeth McGovern,['USA']
Louis Malle,['France']
Hugh Hudson,['UK']
Mark Rydell,['USA']
Harold Pinter,['UK']
Ernest Thompson,['USA']
Dennis Potter,['UK']
"Jay Presson Allen, Sidney Lumet","['USA', 'USA']"
Michael Weller,['USA']
Ben Kingsley,['UK']
Charles Durning,['USA']
Louis Gossett Jr.,['USA']
John Lithgow,['USA']
Robert Preston,['USA']
Jessica Lange,['USA']
Debra Winger,['USA']
Glenn Close,['USA']
Teri Garr,['USA']
Lesley Ann Warren,['USA']
Wolfgang Petersen,['Germany']
Richard Attenborough,['UK']
"Costa-Gavras, Donald Stewart","['Greece', 'USA']"
David Mamet,['USA']
Blake Edwards,['USA']
Tom Conti,['UK']
Sam Shepard,['USA']
Rip Torn,['USA']
Julie Walters,['UK']
Cher,['USA']
Linda Hunt,['USA']
Amy Irving,['USA']
Alfre Woodard,['USA']
Bruce Beresford,['Australia']
James L. Brooks,['USA']
Ronald Harwood,['South Africa']
Willy Russell,['UK']
F. Murray Abraham,['USA']
Tom Hulce,['USA']
Sam Waterston,['USA']
Adolph Caesar,['USA']
John Malkovich,['USA']
Noriyuki 'Pat' Morita,['USA']
Haing S. Ngor,['Cambodia']
Judy Davis,['Australia']
Peggy Ashcroft,['UK']
Lindsay Crouse,['USA']
Christine Lahti,['USA']
Roland Joffé,['UK']
"P.H. Vazak, Michael Austin","['USA', 'USA']"
Bruce Robinson,['UK']
Charles Fuller,['USA']
Harrison Ford,['USA']
James Garner,['USA']
William Hurt,['USA']
Don Ameche,['USA']
Klaus Maria Brandauer,['Austria']
William Hickey,['USA']
Robert Loggia,['USA']
Eric Roberts,['USA']
Whoopi Goldberg,['USA']
Margaret Avery,['USA']
Anjelica Huston,['USA']
Amy Madigan,['USA']
Meg Tilly,['USA']
Oprah Winfrey,['USA']
Hector Babenco,['Argentina']
Akira Kurosawa,['Japan']
Peter Weir,['Australia']
Menno Meyjes,['Netherlands']
Leonard Schrader,['USA']
Kurt Luedtke,['USA']
"Richard Condon, Janet Roach","['USA', 'Australia']"
Dexter Gordon,['USA']
Bob Hoskins,['UK']
James Woods,['USA']
Tom Berenger,['USA']
Willem Dafoe,['USA']
Denholm Elliott,['UK']
Dennis Hopper,['USA']
Marlee Matlin,['USA']
Kathleen Turner,['USA']
Sigourney Weaver,['USA']
Tess Harper,['USA']
Mary Elizabeth Mastrantonio,['USA']
Dianne Wiest,['USA']
James Ivory,['USA']
"Hesper Anderson, Mark Medoff","['USA', 'USA']"
Richard Price,['USA']
Beth Henley,['USA']
Ruth Prawer Jhabvala,['Germany']
"Raynold Gideon, Bruce A. Evans","['Canada', 'USA']"
Michael Douglas,['USA']
Robin Williams,['USA']
Albert Brooks,['USA']
Sean Connery,['UK']
Morgan Freeman,['USA']
Denzel Washington,['USA']
Holly Hunter,['USA']
Sally Kirkland,['USA']
Norma Aleandro,['Argentina']
Anne Archer,['USA']
Olympia Dukakis,['USA']
Anne Ramsey,['USA']
Ann Sothern,['USA']
Adrian Lyne,['UK']
Lasse Hallström,['Sweden']
Tony Huston,['USA']
James Dearden,['UK']
"Stanley Kubrick, Michael Herr, Gustav Hasford","['USA', 'USA', 'USA']"
"Mark Peploe, Bernardo Bertolucci","['Kenya', 'Italy']"
"Lasse Hallström, Reidar Jönsson, Brasse Brännström, Per Berglund","['Sweden', 'Sweden', 'Sweden', 'Sweden']"
Tom Hanks,['USA']
Edward James Olmos,['USA']
Max von Sydow,['Sweden']
Kevin Kline,['USA']
Martin Landau,['USA']
River Phoenix,['USA']
Dean Stockwell,['USA']
Melanie Griffith,['USA']
Joan Cusack,['USA']
Geena Davis,['USA']
Frances McDormand,['USA']
Michelle Pfeiffer,['USA']
Charles Crichton,['UK']
Barry Levinson,['USA']
"Frank Galati, Lawrence Kasdan","['USA', 'USA']"
Christopher Hampton,['Portugal']
"Anna Hamilton Phelan, Tab Murphy","['USA', 'USA']"
Christine Edzard,['France']
"Jean-Claude Carrière, Philip Kaufman","['France', 'USA']"
Kenneth Branagh,['UK']
Tom Cruise,['USA']
Daniel Day Lewis,['UK']
Danny Aiello,['USA']
Dan Aykroyd,['Canada']
Pauline Collins,['UK']
Jessica Tandy,['UK']
Brenda Fricker,['Ireland']
Lena Olin,['Sweden']
Julia Roberts,['USA']
Jim Sheridan,['Ireland']
"Oliver Stone, Ron Kovic","['USA', 'USA']"
Alfred Uhry,['USA']
"Roger L. Simon, Paul Mazursky","['USA', 'USA']"
Phil Alden Robinson,['USA']
"Jim Sheridan, Shane Connaughton","['Ireland', 'Ireland']"
Kevin Costner,['USA']
Gerard Depardieu,['France']
Jeremy Irons,['UK']
Bruce Davison,['USA']
Andy Garcia,['Cuba']
Kathy Bates,['USA']
Annette Bening,['USA']
Lorraine Bracco,['USA']
Mary McDonnell,['USA']
Stephen Frears,['UK']
Barbet Schroeder,['Iran']
Steven Zaillian,['USA']
Michael Blake,['USA']
"Nicholas Pileggi, Martin Scorsese","['USA', 'USA']"
Donald E. Westlake,['USA']
Nicholas Kazan,['USA']
Anthony Hopkins,['UK']
Nick Nolte,['USA']
Tommy Lee Jones,['USA']
Harvey Keitel,['USA']
Michael Lerner,['USA']
Laura Dern,['USA']
Juliette Lewis,['USA']
Kate Nelligan,['Canada']
Mercedes Ruehl,['USA']
John Singleton,['USA']
Jonathan Demme,['USA']
Ridley Scott,['UK']
Agnieszka Holland,['Poland']
"Fannie Flagg, Carol Sobieski","['USA', 'USA']"
"Oliver Stone, Zachary Sklar","['USA', 'USA']"
"Pat Conroy, Becky Johnston","['USA', 'USA']"
Ted Tally,['USA']
Robert Downey Jr.,['USA']
Clint Eastwood,['USA']
Stephen Rea,['UK']
Jaye Davidson,['USA']
David Paymer,['USA']
Catherine Deneuve,['France']
Emma Thompson,['UK']
Joan Plowright,['UK']
Miranda Richardson,['UK']
Marisa Tomei,['USA']
Neil Jordan,['Ireland']
Martin Brest,['USA']
Peter Barnes,['UK']
Michael Tolkin,['USA']
Richard Friedenberg,['USA']
Bo Goldman,['USA']
Daniel Day-Lewis,['UK']
Laurence Fishburne,['USA']
Liam Neeson,['UK']
Leonardo DiCaprio,['USA']
Ralph Fiennes,['UK']
Pete Postlethwaite,['UK']
Angela Bassett,['USA']
Stockard Channing,['USA']
Anna Paquin,['Canada']
Rosie Perez,['USA']
Winona Ryder,['USA']
Jane Campion,['New Zealand']
"Jay Cocks, Martin Scorsese","['USA', 'USA']"
"Terry George, Jim Sheridan","['UK', 'Ireland']"
William Nicholson,['UK']
Nigel Hawthorne,['UK']
Samuel L. Jackson,['USA']
Chazz Palminteri,['USA']
Gary Sinise,['USA']
Rosemary Harris,['UK']
Helen Mirren,['UK']
Uma Thurman,['USA']
Jennifer Tilly,['USA']
Robert Zemeckis,['USA']
Quentin Tarantino,['USA']
Krzysztof Kieslowski,['Poland']
Eric Roth,['USA']
Alan Bennett,['UK']
Paul Attanasio,['USA']
Frank Darabont,['France']
Nicolas Cage,['USA']
Sean Penn,['USA']
Massimo Troisi,['Italy']
James Cromwell,['USA']
Ed Harris,['USA']
Brad Pitt,['USA']
Tim Roth,['UK']
Kevin Spacey,['USA']
Elisabeth Shue,['USA']
Sharon Stone,['USA']
Joan Allen,['USA']
Kathleen Quinlan,['USA']
Mira Sorvino,['USA']
Mare Winningham,['USA']
Kate Winslet,['UK']
Chris Noonan,['Australia']
Mel Gibson,['USA']
Tim Robbins,['USA']
Mike Figgis,['UK']
Michael Radford,['India']
"William Broyles Jr., Al Reinert","['USA', 'Japan']"
"George Miller, Chris Noonan","['Australia', 'Australia']"
"Anna Pavignano, Michael Radford, Furio Scarpelli, Giacomo Scarpelli, Massimo Troisi","['Italy', 'India', 'Italy', 'Italy', 'Italy']"
Woody Harrelson,['USA']
Geoffrey Rush,['Australia']
Billy Bob Thornton,['USA']
Cuba Gooding Jr.,['USA']
William H. Macy,['USA']
Armin Mueller-Stahl,['Russia']
Edward Norton,['USA']
Brenda Blethyn,['UK']
Kristin Scott Thomas,['UK']
Emily Watson,['UK']
Lauren Bacall,['USA']
Juliette Binoche,['France']
Barbara Hershey,['USA']
Marianne Jean-Baptiste,['UK']
Anthony Minghella,['UK']
Joel Coen,['USA']
Mike Leigh,['UK']
Scott Hicks,['Uganda']
Arthur Miller,['USA']
John Hodge,['UK']
Matt Damon,['USA']
Peter Fonda,['USA']
Robert Forster,['USA']
Greg Kinnear,['USA']
Burt Reynolds,['USA']
Helena Bonham Carter,['UK']
Judi Dench,['UK']
Helen Hunt,['USA']
Kim Basinger,['USA']
Minnie Driver,['UK']
Julianne Moore,['USA']
Gloria Stuart,['USA']
Peter Cattaneo,['UK']
Gus Van Sant,['USA']
Curtis Hanson,['USA']
Atom Egoyan,['Egypt']
James Cameron,['Canada']
"Brian Helgeland, Curtis Hanson","['USA', 'USA']"
"Hilary Henkin, David Mamet","['USA', 'USA']"
Hossein Amini,['Iran']
Roberto Benigni,['Italy']
Ian McKellen,['UK']
James Coburn,['USA']
Cate Blanchett,['Australia']
Fernanda Montenegro,['Brazil']
Gwyneth Paltrow,['USA']
Rachel Griffiths,['Australia']
John Madden,['UK']
Terrence Malick,['USA']
Bill Condon,['USA']
Scott Frank,['USA']
Elaine May,['USA']
Scott B. Smith,['USA']
Russell Crowe,['New Zealand']
Michael Clarke Duncan,['USA']
Jude Law,['UK']
Haley Joel Osment,['USA']
Janet McTeer,['UK']
Hilary Swank,['USA']
Toni Collette,['Australia']
Angelina Jolie,['USA']
Catherine Keener,['USA']
Samantha Morton,['UK']
Chloë Sevigny,['USA']
Sam Mendes,['UK']
Spike Jonze,['USA']
Michael Mann,['USA']
M. Night Shyamalan,['India']
John Irving,['USA']
"Alexander Payne, Jim Taylor","['USA', 'USA']"
"Eric Roth, Michael Mann","['USA', 'USA']"
Javier Bardem,['Spain']
Benicio Del Toro,['Puerto Rico']
Joaquin Phoenix,['Puerto Rico']
Laura Linney,['USA']
Marcia Gay Harden,['USA']
Kate Hudson,['USA']
Stephen Daldry,['UK']
Ang Lee,['Taiwan']
Steven Soderbergh,['USA']
Robert Nelson Jacobs,['USA']
"Wang Hui Ling, James Schamus, Tsai Kuo Jung","['Taiwan', 'USA', 'Taiwan']"
"Ethan Coen, Joel Coen","['USA', 'USA']"
Stephen Gaghan,['USA']
Steve Kloves,['USA']
Will Smith,['USA']
Tom Wilkinson,['UK']
Jim Broadbent,['UK']
Ethan Hawke,['USA']
Halle Berry,['USA']
Nicole Kidman,['USA']
Renée Zellweger,['USA']
Jennifer Connelly,['USA']
Ron Howard,['USA']
Peter Jackson,['New Zealand']
Akiva Goldsman,['USA']
"Daniel Clowes, Terry Zwigoff","['USA', 'USA']"
"Rob Festinger, Todd Field","['USA', 'USA']"
"Fran Walsh, Philippa Boyens, Peter Jackson","['New Zealand', 'New Zealand', 'New Zealand']"
"Ted Elliott, Terry Rossio, Joe Stillman, Roger S.H. Schulman","['USA', 'USA', 'USA', 'USA']"
Adrien Brody,['USA']
Chris Cooper,['USA']
John C. Reilly,['USA']
Salma Hayek,['Mexico']
Diane Lane,['USA']
Queen Latifah,['USA']
Catherine Zeta-Jones,['UK']
Rob Marshall,['USA']
Pedro Almodóvar,['Spain']
"Peter Hedges, Chris Weitz, Paul Weitz","['USA', 'USA', 'USA']"
"Charlie Kaufman, Donald Kaufman","['USA', 'USA']"
David Hare,['UK']
Johnny Depp,['USA']
Bill Murray,['USA']
Alec Baldwin,['USA']
Djimon Hounsou,['Benin']
Ken Watanabe,['Japan']
Keisha Castle-Hughes,['Australia']
Charlize Theron,['South Africa']
Naomi Watts,['UK']
Shohreh Aghdashloo,['Iran']
Patricia Clarkson,['USA']
Fernando Meirelles,['Brazil']
Sofia Coppola,['USA']
"Robert Pulcini, Shari Springer Berman","['USA', 'USA']"
Braulio Mantovani,['Brazil']
Brian Helgeland,['USA']
Gary Ross,['USA']
Don Cheadle,['USA']
Jamie Foxx,['USA']
Alan Alda,['USA']
Thomas Haden Church,['USA']
Clive Owen,['UK']
Catalina Sandino Moreno,['Colombia']
Imelda Staunton,['UK']
Virginia Madsen,['USA']
Sophie Okonedo,['UK']
Natalie Portman,['Israel']
Taylor Hackford,['USA']
Alexander Payne,['USA']
"Richard Linklater, Julie Delpy, Ethan Hawke, Kim Krizan","['USA', 'France', 'USA', 'USA']"
David Magee,['USA']
Paul Haggis,['Canada']
José Rivera,['Puerto Rico']
Philip Seymour Hoffman,['USA']
Terrence Howard,['USA']
Heath Ledger,['Australia']
David Strathairn,['USA']
George Clooney,['USA']
Matt Dillon,['USA']
Paul Giamatti,['USA']
Jake Gyllenhaal,['USA']
Felicity Huffman,['USA']
Keira Knightley,['UK']
Reese Witherspoon,['USA']
Amy Adams,['Italy']
Rachel Weisz,['UK']
Michelle Williams,['USA']
Bennett Miller,['USA']
"Larry McMurtry, Diana Ossana","['USA', 'USA']"
Dan Futterman,['USA']
Jeffrey Caine,['UK']
Josh Olson,['USA']
"Tony Kushner, Eric Roth","['USA', 'USA']"
Ryan Gosling,['Canada']
Forest Whitaker,['USA']
Jackie Earle Haley,['USA']
Eddie Murphy,['USA']
Mark Wahlberg,['USA']
Penélope Cruz,['Spain']
Adriana Barraza,['Mexico']
Abigail Breslin,['USA']
Jennifer Hudson,['USA']
Rinko Kikuchi,['Japan']
Alejandro González Iñárritu,['Mexico']
Paul Greengrass,['UK']
"Sacha Baron Cohen, Anthony Hines, Peter Baynham, Dan Mazer, Todd Phillips","['UK', 'USA', 'UK', 'UK', 'USA']"
"Alfonso Cuarón, Timothy J. Sexton, David Arata, Mark Fergus, Hawk Ostby","['Mexico', 'USA', 'USA', 'USA', 'India']"
William Monahan,['USA']
"Todd Field, Tom Perrotta","['USA', 'USA']"
Patrick Marber,['UK']
Viggo Mortensen,['USA']
Casey Affleck,['USA']
Hal Holbrook,['USA']
Marion Cotillard,['France']
Elliot Page,['Canada']
Ruby Dee,['USA']
Saoirse Ronan,['USA']
Amy Ryan,['USA']
Tilda Swinton,['UK']
Julian Schnabel,['USA']
Jason Reitman,['Canada']
Tony Gilroy,['USA']
"Joel Coen, Ethan Coen","['USA', 'USA']"
Paul Thomas Anderson,['USA']
Sarah Polley,['Canada']
Richard Jenkins,['USA']
Frank Langella,['USA']
Mickey Rourke,['USA']
Josh Brolin,['USA']
Michael Shannon,['USA']
Anne Hathaway,['USA']
Melissa Leo,['USA']
Viola Davis,['USA']
Taraji P. Henson,['USA']
David Fincher,['USA']
Danny Boyle,['UK']
"Eric Roth, Robin Swicord","['USA', 'USA']"
John Patrick Shanley,['USA']
Peter Morgan,['UK']
Simon Beaufoy,['UK']
Colin Firth,['UK']
Jeremy Renner,['USA']
Christopher Plummer,['Canada']
Stanley Tucci,['USA']
Christoph Waltz,['Austria']
Sandra Bullock,['USA']
Carey Mulligan,['UK']
Gabourey Sidibe,['USA']
Vera Farmiga,['USA']
Maggie Gyllenhaal,['USA']
Anna Kendrick,['USA']
Mo'Nique,['USA']
Kathryn Bigelow,['USA']
Lee Daniels,['USA']
"Neill Blomkamp, Terri Tatchell","['South Africa', 'Canada']"
Nick Hornby,['UK']
"Jesse Armstrong, Simon Blackwell, Armando Iannucci, Tony Roche","['UK', 'UK', 'UK', 'UK']"
Geoffrey Fletcher,['USA']
"Jason Reitman, Sheldon Turner","['Canada', 'USA']"
Jesse Eisenberg,['USA']
James Franco,['USA']
Christian Bale,['UK']
John Hawkes,['USA']
Mark Ruffalo,['USA']
Jennifer Lawrence,['USA']
Hailee Steinfeld,['USA']
Jacki Weaver,['Australia']
Darren Aronofsky,['USA']
David O. Russell,['USA']
Tom Hooper,['UK']
"Danny Boyle, Simon Beaufoy","['UK', 'UK']"
Aaron Sorkin,['USA']
"Michael Arndt, John Lasseter, Andrew Stanton, Lee Unkrich","['USA', 'USA', 'USA', 'USA']"
"Debra Granik, Anne Rosellini","['USA', 'USA']"
Demián Bichir,['Mexico']
Jean Dujardin,['France']
Gary Oldman,['UK']
Jonah Hill,['USA']
Rooney Mara,['USA']
Bérénice Bejo,['Argentina']
Jessica Chastain,['USA']
Melissa McCarthy,['USA']
Octavia Spencer,['USA']
Michel Hazanavicius,['France']
"Alexander Payne, Nat Faxon, Jim Rash","['USA', 'USA', 'USA']"
John Logan,['USA']
"George Clooney, Grant Heslov, Beau Willimon","['USA', 'USA', 'USA']"
"Steven Zaillian, Aaron Sorkin, Stan Chervin","['USA', 'USA', 'USA']"
"Bridget O'Connor, Peter Straughan","['UK', 'UK']"
Bradley Cooper,['USA']
Hugh Jackman,['Australia']
Emmanuelle Riva,['France']
Quvenzhané Wallis,['USA']
Michael Haneke,['Germany']
Benh Zeitlin,['USA']
Chris Terrio,['USA']
"Lucy Alibar, Benh Zeitlin","['USA', 'USA']"
Tony Kushner,['USA']
Chiwetel Ejiofor,['UK']
Matthew McConaughey,['USA']
Barkhad Abdi,['Somalia']
Michael Fassbender,['Germany']
Jared Leto,['USA']
Sally Hawkins,['UK']
Lupita Nyong'o,['Mexico']
June Squibb,['USA']
Alfonso Cuarón,['Mexico']
"Richard Linklater, Julie Delpy, Ethan Hawke","['USA', 'France', 'USA']"
Billy Ray,['USA']
"Steve Coogan, Jeff Pope","['UK', 'UK']"
John Ridley,['USA']
Terence Winter,['USA']
Steve Carell,['USA']
Benedict Cumberbatch,['UK']
Michael Keaton,['USA']
Eddie Redmayne,['UK']
J.K. Simmons,['USA']
Felicity Jones,['UK']
Rosamund Pike,['UK']
Patricia Arquette,['USA']
Emma Stone,['USA']
Alejandro G. Iñárritu,['Mexico']
Richard Linklater,['USA']
Wes Anderson,['USA']
Morten Tyldum,['Norway']
Jason Hall,['USA']
Graham Moore,['USA']
Anthony McCarten,['New Zealand']
Damien Chazelle,['USA']
Bryan Cranston,['USA']
Tom Hardy,['UK']
Mark Rylance,['UK']
Brie Larson,['USA']
Charlotte Rampling,['UK']
Jennifer Jason Leigh,['USA']
Rachel McAdams,['Canada']
Alicia Vikander,['Sweden']
Adam McKay,['USA']
George Miller,['Australia']
Lenny Abrahamson,['Ireland']
Tom McCarthy,['USA']
"Charles Randolph, Adam McKay","['USA', 'USA']"
Phyllis Nagy,['USA']
Drew Goddard,['USA']
Emma Donoghue,['Ireland']
Andrew Garfield,['USA']
Mahershala Ali,['USA']
Lucas Hedges,['USA']
Dev Patel,['UK']
Isabelle Huppert,['France']
Ruth Negga,['Ethiopia']
Naomie Harris,['UK']
Denis Villeneuve,['Canada']
Kenneth Lonergan,['USA']
Barry Jenkins,['USA']
Eric Heisserer,['USA']
August Wilson,['USA']
"Allison Schroeder, Theodore Melfi","['USA', 'USA']"
Luke Davies,['Australia']
"Barry Jenkins, Tarell Alvin McCraney","['USA', 'USA']"
Timothée Chalamet,['USA']
Daniel Kaluuya,['UK']
Sam Rockwell,['USA']
Margot Robbie,['Australia']
Mary J. Blige,['USA']
Allison Janney,['USA']
Lesley Manville,['UK']
Laurie Metcalf,['USA']
Christopher Nolan,['UK']
Jordan Peele,['USA']
Greta Gerwig,['USA']
Guillermo del Toro,['Mexico']
"Scott Neustadter, Michael H. Weber","['USA', 'USA']"
"Scott Frank, James Mangold, Michael Green","['USA', 'USA', 'USA']"
"Virgil Williams, Dee Rees","['USA', 'USA']"
Rami Malek,['USA']
Adam Driver,['USA']
Sam Elliott,['USA']
Richard E. Grant,['Eswatini']
Yalitza Aparicio,['México']
Olivia Colman,['UK']
Lady Gaga,['USA']
Marina de Tavira,['Mexico']
Regina King,['USA']
Spike Lee,['USA']
Pawel Pawlikowski,['Poland']
Yorgos Lanthimos,['Greece']
"Charlie Wachtel, David Rabinowitz, Kevin Willmott, Spike Lee","['USA', 'USA', 'USA', 'USA']"
"Nicole Holofcener, Jeff Whitty","['USA', 'USA']"
"Eric Roth, Bradley Cooper, Will Fetters","['USA', 'USA', 'USA']"
Antonio Banderas,['Spain']
Jonathan Pryce,['UK']
Cynthia Erivo,['UK']
Scarlett Johansson,['USA']
Florence Pugh,['UK']
Todd Phillips,['USA']
Bong Joon Ho,['South Korea']
Taika Waititi,['New Zealand']
"Todd Phillips, Scott Silver","['USA', 'USA']"
Riz Ahmed,['UK']
Chadwick Boseman,['USA']
Steven Yeun,['South Korea']
Sacha Baron Cohen,['UK']
Leslie Odom Jr.,['USA']
Paul Raci,['USA']
Lakeith Stanfield,['USA']
Andra Day,['USA']
Vanessa Kirby,['UK']
Maria Bakalova,['Bulgarian']
Amanda Seyfried,['USA']
Yuh-Jung Youn,['Korea']
Thomas Vinterberg,['Denmark']
Lee Isaac Chung,['USA']
Chloé Zhao,['China']
Emerald Fennell,['UK']
"Sacha Baron Cohen, Anthony Hines, Dan Swimer, Peter Baynham, Erica Rivinoja, Dan Mazer, Jena Friedman, Lee Kern, Nina Pedrad","['UK', 'UK', 'UK', 'UK', 'USA', 'UK', 'USA', 'UK', 'USA']"
"Christopher Hampton, Florian Zeller","['Portugal', 'France']"
Kemp Powers,['USA']
Ramin Bahrani,['USA']
Ciarán Hinds,['UK']
Troy Kotsur,['USA']
Jesse Plemons,['USA']
Kodi Smit-McPhee,['Australia']
Kristen Stewart,['USA']
Jessie Buckley,['Ireland']
Ariana DeBose,['USA']
Kirsten Dunst,['USA']
Aunjanue Ellis,['USA']
Ryusuke Hamaguchi,['Japan']
Siân Heder,['USA']
"Ryusuke Hamaguchi, Takamasa Oe","['Japan', 'Japan']"
"Jon Spaihts, Denis Villeneuve, Eric Roth","['USA', 'Canada', 'USA']"
Austin Butler,['USA']
Colin Farrell,['Ireland']
Brendan Fraser,['USA']
Paul Mescal,['Republic of Ireland']
Bill Nighy,['UK']
Brendan Gleeson,['Ireland']
Brian Tyree Henry,['USA']
Barry Keoghan,['Ireland']
Ke Huy Quan,['Vietnam']
Ana de Armas,['Cuba']
Andrea Riseborough,['UK']
Michelle Yeoh,['Malaysia']
Hong Chau,['Thailand']
Kerry Condon,['Ireland']
Jamie Lee Curtis,['USA']
Stephanie Hsu,['USA']
Martin McDonagh,['UK']
"Daniel Kwan, Daniel Scheinert","['USA', 'USA']"
Todd Field,['USA']
Ruben Östlund,['Sweden']
"Screenplay - Edward Berger, Lesley Paterson, Ian Stokell","['Germany', 'UK', 'UK']"
Rian Johnson,['USA']
Kazuo Ishiguro,['Japan']
"Ehren Kruger, Eric Warren Singer, Christopher McQuarrie, Peter Craig, Justin Marks","['USA', 'USA', 'USA', 'USA', 'USA']"
Colman Domingo,['USA']
Cillian Murphy,['Ireland']
Jeffrey Wright,['USA']
Sterling K. Brown,['USA']
Lily Gladstone,['USA']
Sandra Hüller,['Germany']
Emily Blunt,['UK']
Danielle Brooks,['USA']
America Ferrera,['USA']
Da'Vine Joy Randolph,['USA']
Justine Triet,['France']
Jonathan Glazer,['UK']
Cord Jefferson,['USA']
"Greta Gerwig, Noah Baumbach","['USA', 'USA']"
Tony McNamara,['Australia']
Sebastian Stan,['Romania']
Yura Borisov,['Russia']
Kieran Culkin,['USA']
Guy Pearce,['UK']
Jeremy Strong,['USA']
Karla Sofía Gascón,['Spain']
Mikey Madison,['USA']
Demi Moore,['USA']
Fernanda Torres,['Brazil']
Monica Barbaro,['USA']
Ariana Grande,['USA']
Isabella Rossellini,['Italy']
Zoe Saldaña,['USA']
Sean Baker,['USA']
Brady Corbet,['USA']
James Mangold,['USA']
Jacques Audiard,['France']
Coralie Fargeat,['France']
"James Mangold, Jay Cocks","['USA', 'USA']"
Peter Straughan,['UK']
"Jacques Audiard, In collaboration with Thomas Bidegain, Léa Mysius, Nicolas Livecchi","['France', 'France', 'France', 'France']"
"RaMell Ross, Joslyn Barnes","['Germany', 'USA']"
"Clint Bentley, Greg Kwedar, Clarence Maclin, John \""Divine G\"" Whitfield","['USA', 'USA', 'USA']"
